{
    "point_calculation_factor": 207319.41511354715,
    "total_points_factor": 4.400488617415094,
    "points_per_game_factor": 1.4422844698179427,
    "value_factor": 3.9089594289708693,
    "bonus_factor": 2.8172843463246666,
    "form_factor": 2.8769826343757154,
    "fdr_factor": 1.1304579170058955
}