{
    "point_calculation_factor": 18426.93950667905,
    "total_points_factor": 2.410640019081999,
    "points_per_game_factor": 1.3940231408081376,
    "value_factor": 2.152887041759836,
    "bonus_factor": 1.9254015214447378,
    "form_factor": 2.068111831978912,
    "fdr_factor": 1.934381973728351
}