{
    "point_calculation_factor": 71995.0988520588,
    "total_points_factor": 3.265552623554371,
    "points_per_game_factor": 1.4274814769604465,
    "value_factor": 2.819247780739891,
    "bonus_factor": 2.1700038862635265,
    "form_factor": 2.784460090359404,
    "fdr_factor": 1.1699142690105457
}