{
    "point_calculation_factor": 248760.08924769363,
    "total_points_factor": 3.232149697344788,
    "points_per_game_factor": 1.3147301770175788,
    "value_factor": 2.80472852967791,
    "bonus_factor": 2.7193788508075736,
    "form_factor": 2.6734668062709175,
    "fdr_factor": 1.0902145657458873
}