{
    "point_calculation_factor": 153986.84173115372,
    "total_points_factor": 3.5929188420198783,
    "points_per_game_factor": 1.39847639933337,
    "value_factor": 3.139856493554853,
    "bonus_factor": 2.2103125186138244,
    "form_factor": 2.7794210039173604,
    "fdr_factor": 1.6143049672384944
}