{
    "point_calculation_factor": 534687.5422370645,
    "total_points_factor": 4.078961752786885,
    "points_per_game_factor": 1.4686418881451115,
    "value_factor": 3.6233176384932526,
    "bonus_factor": 2.424577623928506,
    "form_factor": 2.73178599905468,
    "fdr_factor": 1.2885474826737535
}