{
    "point_calculation_factor": 81373.83030289703,
    "total_points_factor": 3.831954287967868,
    "points_per_game_factor": 1.3054865153969866,
    "value_factor": 3.502742117030826,
    "bonus_factor": 2.8223091417417585,
    "form_factor": 2.374327316613584,
    "fdr_factor": 1.043215222540848
}