{
    "point_calculation_factor": 54583.11082659435,
    "total_points_factor": 2.735884961457909,
    "points_per_game_factor": 1.3135112295142979,
    "value_factor": 2.417739984677077,
    "bonus_factor": 2.7705432307440785,
    "form_factor": 2.176967031161829,
    "fdr_factor": 1.1579048928446518
}