{
    "point_calculation_factor": 213742.2858583753,
    "total_points_factor": 2.842591122350613,
    "points_per_game_factor": 1.2719593104661866,
    "value_factor": 2.510918421179112,
    "bonus_factor": 2.7677767162535822,
    "form_factor": 2.7084369341939074,
    "fdr_factor": 1.033939880299946
}