{
    "point_calculation_factor": 175624.5892154169,
    "total_points_factor": 3.7068632700157713,
    "points_per_game_factor": 1.311053361220492,
    "value_factor": 3.304241538599874,
    "bonus_factor": 3.0303338301846003,
    "form_factor": 2.8202644200435794,
    "fdr_factor": 1.0072307881501836
}