{
    "point_calculation_factor": 129654.975120422,
    "total_points_factor": 3.609605039872131,
    "points_per_game_factor": 1.3884172884476265,
    "value_factor": 3.206153844897199,
    "bonus_factor": 2.806841446585283,
    "form_factor": 2.7913234426154663,
    "fdr_factor": 1.0739173370469488
}