{
    "point_calculation_factor": 24508211.495514005,
    "total_points_factor": 3.5816693854279036,
    "points_per_game_factor": 1.385760314074758,
    "value_factor": 3.18312015342975,
    "bonus_factor": 2.7894006285035893,
    "form_factor": 2.816894051650595,
    "fdr_factor": 814.9597211671764
}