{
    "point_calculation_factor": 179721.3903338205,
    "total_points_factor": 3.7132958465144714,
    "points_per_game_factor": 1.4348275433955524,
    "value_factor": 3.2429561864730747,
    "bonus_factor": 2.2933456267454084,
    "form_factor": 2.7503635649264564,
    "fdr_factor": 1.2208719733410511
}