{
    "point_calculation_factor": 3896.1129260608327,
    "total_points_factor": 2.7421048321103005,
    "points_per_game_factor": 1.6121616692684702,
    "value_factor": 2.49436657599267,
    "bonus_factor": 1.7606502314869468,
    "form_factor": 2.214080533909074,
    "fdr_factor": 1.805809842208724
}