{
    "point_calculation_factor": 82589.18475067239,
    "total_points_factor": 3.654328441858338,
    "points_per_game_factor": 1.269019925867947,
    "value_factor": 3.296930628810029,
    "bonus_factor": 2.799985616486388,
    "form_factor": 2.2721890993832594,
    "fdr_factor": 1.2541881297501631
}