{
    "point_calculation_factor": 193838.39893848324,
    "total_points_factor": 3.710552779609538,
    "points_per_game_factor": 1.4361881856173522,
    "value_factor": 3.2350461861441038,
    "bonus_factor": 2.236898521528481,
    "form_factor": 2.819375506536125,
    "fdr_factor": 1.3924608416948026
}