{
    "point_calculation_factor": 24712103.701957826,
    "total_points_factor": 3.5875772091887104,
    "points_per_game_factor": 1.3869749200850852,
    "value_factor": 3.188434120241301,
    "bonus_factor": 2.804657454904641,
    "form_factor": 2.828351705742564,
    "fdr_factor": 814.9597211671764
}