{
    "point_calculation_factor": 18396.686678624796,
    "total_points_factor": 2.410640019081999,
    "points_per_game_factor": 1.3940231408081376,
    "value_factor": 2.1523898263267345,
    "bonus_factor": 1.9254015214447378,
    "form_factor": 2.068111831978912,
    "fdr_factor": 1.934381973728351
}