{
    "point_calculation_factor": 125552.12055401798,
    "total_points_factor": 3.615628809919905,
    "points_per_game_factor": 1.36075371009469,
    "value_factor": 3.213899960493675,
    "bonus_factor": 2.668935704970276,
    "form_factor": 2.7858840201973827,
    "fdr_factor": 0.955119288718759
}